sample_id,original_index,title,match_number_in_article,total_matches_in_article,match_char_position,context,suggested_classification,human_classification,notes
1,6640,"Trump taps retired general, TV analyst for NSC posts",1,1,0,(Reuters) - U.S. President-elect Donald Trump announced two appointments to the National Security Council on ...,C_suggested,,
2,2907,"Trump tweets mock video of himself tackling, punching CNN logo",1,1,19,"BRIDGEWATER, N.J. (Reuters) - President Donald Trump stepped up his feud with the media on Sunday by tweeting a mock video of h ...",B_suggested,,
3,18993,North Korea says rockets to U.S. 'inevitable' as U.S. bombers fly off North Korean coast,1,1,26,UNITED NATIONS/WASHINGTON (Reuters) - North Korea said on Saturday targeting the U.S. mainland with its rockets was inevitable after M ...,B_suggested,,
4,16024,Sacked Catalonia leader calls for opposition to Madrid's rule,1,1,17,MADRID/BARCELONA (Reuters) - Sacked Catalonian president Carles Puigdemont on Saturday called for peaceful democratic opposit ...,B_suggested,,
5,7511,San Diego Catholic Diocese denounces parish that called voting Democrat 'mortal sin',1,1,0,(Reuters) - The Roman Catholic Diocese of San Diego denounced one of its parishes on Friday after its worship ...,C_suggested,,
6,7522,Insight: Emails show how Republicans lobbied to limit voting hours in North Carolina,1,1,232,"... tially misidentified Obama’s location in a transcript of his remarks) By Julia Harte ASHEBORO, N.C. (Reuters) - When Bill McAnulty, an elections board chairman in a mostly white North Carolina county, agreed i ...",A_suggested,,
7,2742,U.S. judge narrows travel ban in defeat for Trump,1,1,0,(Reuters) - President Donald Trump’s temporary ban on travelers from six Muslim-majority countries cannot sto ...,C_suggested,,
8,5938,Republican ideas for healthcare reforms could spell trouble for U.S. states,1,1,23,"SAN FRANCISCO/NEW YORK (Reuters) - President Donald Trump’s push to fulfill a campaign promise to replace Obamacare, his predecessor ...",B_suggested,,
9,13157,"Turkey casts Zarrab case as attempt to undermine its politics, economy",1,1,16,ISTANBUL/ANKARA (Reuters) - Turkey cast the testimony of a wealthy gold trader in a U.S. court as an attempt to undermine Ank ...,B_suggested,,
10,12793,Why is there uproar over Trump's Jerusalem declaration?,1,1,11,JERUSALEM (Reuters) - President Donald Trump announced on Wednesday that the United States recognizes Jerusalem as the ...,B_suggested,,
11,4789,Highlights: The Trump presidency on March 20 at 9:20 P.M. EDT,1,1,0,(Reuters) - Highlights of the day for U.S. President Donald Trump’s administration on Monday: FBI Director Ja ...,C_suggested,,
12,7064,Trump’s foundation says it violated 'self-dealing' ban: IRS forms,1,1,0,(Reuters) - U.S. Republican President-elect Donald Trump’s charitable foundation said it violated a ban on so ...,C_suggested,,
13,9671,U.S. West Point academy set for first woman dean in two century history,1,1,0,(Reuters) - The United States Military Academy is poised to have its first woman dean in its 216-year history ...,C_suggested,,
14,9812,"U.S. judge approves court, police accord for Ferguson, Missouri",1,1,0,(Reuters) - A federal judge on Tuesday approved an agreement between the U.S. Justice Department and Ferguson ...,C_suggested,,
15,15369,Catalonia's ex-leader granted freedom to campaign for independence,1,1,16,"BRUSSELS/MADRID (Reuters) - Catalonia s former leader Carles Puigdemont was spared custody on Monday, when a Brussels court r ...",B_suggested,,
16,6526,"Factbox: Trump to meet heads of Carlyle Group, Marvel, World Jewish Congress",1,1,0,(Reuters) - Republican U.S. President-elect Donald Trump resumed meetings at his Mar-a-Lago resort in Palm Be ...,C_suggested,,
17,17489,China says it has right to bar people from Hong Kong after British activist expelled,1,1,18,"HONG KONG/BEIJING (Reuters) - China said on Thursday it had the right to bar people from Hong Kong, a day after a British activ ...",B_suggested,,
18,18279,Russian firm provides new internet connection to North Korea,1,1,0,"(Reuters) - North Korea has opened a second internet connection with the outside world, this time via Russia, ...",C_suggested,,
19,1125,Some middle-class Americans worry Trump health subsidies cut will hurt,1,1,14,PHILADELPHIA (Reuters) - Tom Westerman voted for Donald Trump in last year’s election but says he might not do so again af ...,B_suggested,,
20,9019,Trump seeks to clarify comments on guns at Orlando nightclub,1,1,0,"(Reuters) - Republican U.S. presidential candidate Donald Trump said he was referring to security staff, but ...",C_suggested,,
21,5598,Trump: U.S. will win appeal of judge's travel ban order,1,1,27,"WASHINGTON/PALM BEACH, Fla (Reuters) - U.S. President Donald Trump said the Justice Department will win an appeal filed late Saturday of ...",B_suggested,,
22,11648,Russia detains Norwegian citizen over suspected spying,1,1,170,"... d Ukraine s Crimea, not all of Ukraine) By Gabrielle Tetrault-Farber and Gwladys Fouche MOSCOW/OSLO (Reuters) - Russia has detained a Norwegian citizen it suspects of spying, his Norwegian lawyer and the RIA n ...",A_suggested,,
23,6871,Trump has broad power to implement immigration policies: legal experts,1,1,20,NEW YORK/WASHINGTON (Reuters) - President-elect Donald Trump will be able to make many of his promised changes in immigration pol ...,B_suggested,,
24,4310,Twitter case shows breadth of U.S. power to probe anti-Trump statements,1,1,20,NEW YORK/WASHINGTON (Reuters) - An attempt by U.S. authorities to identify an anonymous critic of President Donald Trump on Twitt ...,B_suggested,,
25,6032,Factbox: Dakota Access Pipeline's long journey,1,1,0,(Reuters) - U.S. President Donald Trump signed an executive order on Tuesday allowing the Dakota Access Pipel ...,C_suggested,,
26,5550,Controversial Dakota pipeline to go ahead after Army approval,1,1,19,WASHINGTON/HOUSTON (Reuters) - The U.S. Army will grant the final permit for the controversial Dakota Access oil pipeline after ...,B_suggested,,
27,4205,Mnuchin warns of tax reform delay following healthcare setback: FT,1,1,0,(Reuters) - U.S. Treasury Secretary Steven Mnuchin said the Trump administration’s timetable for tax reform i ...,C_suggested,,
28,2530,Trump says Yellen and Cohn possible Fed chair picks: WSJ,1,1,0,(Reuters) - U.S. President Donald Trump named on Tuesday two possible candidates to run the Federal Reserve o ...,C_suggested,,
29,6573,"Trump hotels reach deal with unions, ending labor board cases",1,1,0,(Reuters) - Hotels in Las Vegas and Washington owned by U.S. President-elect Donald Trump reached agreements ...,C_suggested,,
30,6691,More votes than voters in many Detroit precincts: newspaper,1,1,0,(Reuters) - Numerous voting machines in heavily Democratic Detroit showed a greater number of ballots than po ...,C_suggested,,
31,9274,New York probing Trump's closing of Trump Tower atrium for campaign events,1,1,169,... h: “between 8 a.m. and 10 p.m.” instead of “between 10 a.m. and 8 p.m.”) By Jonathan Allen NEW YORK (Reuters) - New York City is investigating Donald Trump’s practice of closing down the public atrium in Trump ...,A_suggested,,
32,436,"Factbox: Five facts about Mike Pompeo, expected to replace Tillerson",1,1,0,"(Reuters) - The following are five facts about Central Intelligence Agency Director Mike Pompeo, who a senior ...",C_suggested,,
33,11219,"U.S. sanctions North Korean missile experts, Russia offers to mediate",1,1,18,WASHINGTON/MOSCOW (Reuters) - The United States announced sanctions on two of North Korea s most prominent officials behind its ...,B_suggested,,
34,7250,Trump looking at fast ways to quit global climate deal: source,1,1,30,"WASHINGTON/MARRAKESH, Morocco (Reuters) - President-elect Donald Trump is seeking quick ways to withdraw the United States from a global ac ...",B_suggested,,
35,6646,Targeting U.S. automaker signals possible China retaliation over Trump talk,1,1,19,WASHINGTON/BEIJING (Reuters) - China’s plan to punish a U.S. automaker accused of price-fixing is a sign of how Beijing could re ...,B_suggested,,
36,859,Republican tax plan may mean slightly less grand sports stadiums,1,1,0,(Reuters) - Some wealthy owners of U.S. major-league sports teams may have to put up more of their own money ...,C_suggested,,
37,12811,"Saudi air strikes on Yemen intensify, residents in capital stay indoors",1,1,11,ADEN/DUBAI (Reuters) - A Saudi-led coalition stepped up air strikes on Yemen s Houthis on Wednesday as the Iran-allied a ...,B_suggested,,
38,16965,"Kosovo urges U.S. involvement in Belgrade, Pristina talks",1,1,131,"... 5 story corrects PM s first name to Ramush from Ramuch in first paragraph) By Fatos Bytyci PRISTINA (Reuters) - Kosovo s newly appointed prime minister, Ramush Haradinaj, on Monday urged the United States, his ...",A_suggested,,
39,11004,Campaigning in style: How Jeb Bush blew through his war chest ,1,1,10,"NEW YORK (Reuters) - There were stays at boutique hotels featuring rooftop pools, private soirees at members-only, jac ...",B_suggested,,
40,2920,Trump says he is sending federal help to fight Chicago crime,1,1,19,CHICAGO/WASHINGTON (Reuters) - President Donald Trump said on Friday he was sending federal help to fight crime in Chicago that ...,B_suggested,,
41,6541,Trump's nuclear remarks test bid to improve Russia ties,1,1,29,"WEST PALM BEACH, Fla./MOSCOW (Reuters) - U.S. President-elect Donald Trump upped the stakes on Friday in a back-and-forth exchange with Pr ...",B_suggested,,
42,5412,The Trump presidency on Feb. 14 at 4:02 P.M. EST/2102 GMT,1,1,0,(Reuters) - Highlights of the day for U.S. President Donald Trump’s administration on Tuesday: Trump knew for ...,C_suggested,,
43,14615,Zimbabwe military says it is not taking over government: BBC,1,1,0,(Reuters) - Zimbabwe s military action was not a takeover of the government and was meant to target criminal ...,C_suggested,,
44,8565,"No plans to release tax returns as pressure mounts, Trump aide says",1,1,0,(Reuters) - Republican presidential candidate Donald Trump “will not be releasing” his tax returns due to a f ...,C_suggested,,
45,1396,Tracking the U.S. economy under Trump in seven charts,1,1,12,WASHINGTON (Reuters) - U.S. President Donald Trump has set many specific and general goals for his administration’s mana ...,B_suggested,,
46,7015,Trump names Don McGahn as White House Counsel - transition official,1,1,33,"WASHINGTON/WEST PALM BEACH, Fla. (Reuters) - U.S. President-elect Donald Trump has chosen Don McGahn, a well-known campaign finance lawyer, as ...",B_suggested,,
47,8381,"Hackers targeted Trump campaign, Republican Party groups: sources",1,1,0,(Reuters) - Hackers targeted the computer systems of presidential candidate Donald Trump and Republican Party ...,C_suggested,,
48,18229,Turkey seeks to isolate Syria Idlib jihadists opposing truce,1,1,16,ISTANBUL/BEIRUT (Reuters) - Turkey is luring militants away from the jihadist alliance that controls Syria s northwestern Idl ...,B_suggested,,
49,6021,"In Trump freeze, U.S. agencies delay rules affecting farm towns",1,1,17,NEW YORK/CHICAGO (Reuters) - U.S. regulators under the new presidential administration have instituted a freeze on rules key t ...,B_suggested,,
50,14948,Indo-Pacific? Not from where China is sitting...,1,1,18,BEIJING/NEW DELHI (Reuters) - As U.S. President Donald Trump and some of America s democratic allies talk up a vision of Indo- ...,B_suggested,,
